{
    "h_threshold": 0.028489072314864125,
    "v_threshold_up": 0.024442027763673057,
    "v_threshold_down": 0.037290614320620974,
    "vertical_bias": -0.9827399880501096,
    "use_alternative_method": true,
    "timestamp": 1743420064.129189,
    "use_sector_calibration": true,
    "sector_data": {
        "TopLeft": {
            "reference_iris_x": -0.03976235495213315,
            "reference_iris_y": 1.1732786801623245,
            "h_threshold": 0.01119295407769136,
            "v_threshold_up": 0.01169439201370337,
            "v_threshold_down": 0.040349093894316866,
            "vertical_bias": -0.40813879071736436,
            "samples_count": 180
        },
        "TopCenter": {
            "reference_iris_x": -0.009807714157144962,
            "reference_iris_y": 1.23060912228483,
            "h_threshold": 0.017725447933138017,
            "v_threshold_up": 0.040349093894316866,
            "v_threshold_down": 0.04291306067852576,
            "vertical_bias": -0.43167576215571585,
            "samples_count": 180
        },
        "TopRight": {
            "reference_iris_x": 0.04080932236793179,
            "reference_iris_y": 1.3152960453272469,
            "h_threshold": 0.01820689624441489,
            "v_threshold_up": 0.032055179290803704,
            "v_threshold_down": 0.037290614320620974,
            "vertical_bias": -0.46648266350969514,
            "samples_count": 166
        },
        "MiddleLeft": {
            "reference_iris_x": -0.033944524913585926,
            "reference_iris_y": 1.1583062282496597,
            "h_threshold": 0.01141026950663736,
            "v_threshold_up": 0.024442027763673057,
            "v_threshold_down": 0.05908995365880462,
            "vertical_bias": -0.40131706204270406,
            "samples_count": 178
        },
        "Center": {
            "reference_iris_x": -0.004237827819930884,
            "reference_iris_y": 1.2790295791836488,
            "h_threshold": 0.011928424245906573,
            "v_threshold_up": 0.05217889056138287,
            "v_threshold_down": 0.03498116755584315,
            "vertical_bias": -0.4469340982600166,
            "samples_count": 180
        },
        "MiddleRight": {
            "reference_iris_x": 0.027320303668770037,
            "reference_iris_y": 1.3071718450513423,
            "h_threshold": 0.010833666109938501,
            "v_threshold_up": 0.02907044131037737,
            "v_threshold_down": 0.04942900781089128,
            "vertical_bias": -0.46389185569107005,
            "samples_count": 180
        },
        "BottomLeft": {
            "reference_iris_x": -0.03549014261008577,
            "reference_iris_y": 1.298772383305395,
            "h_threshold": 0.02086458399692061,
            "v_threshold_up": 0.08737483544731751,
            "v_threshold_down": 0.0317176918693844,
            "vertical_bias": -0.3230612257525995,
            "samples_count": 172
        },
        "BottomCenter": {
            "reference_iris_x": -0.0102064708245624,
            "reference_iris_y": 1.3393050489780358,
            "h_threshold": 0.01665874655795385,
            "v_threshold_up": 0.03630479283534666,
            "v_threshold_down": 0.08259517829892235,
            "vertical_bias": -0.3362769306981763,
            "samples_count": 180
        },
        "BottomRight": {
            "reference_iris_x": 0.03690919395501318,
            "reference_iris_y": 1.467631558520815,
            "h_threshold": 0.015548069595803201,
            "v_threshold_up": 0.08850590454438814,
            "v_threshold_down": 0.037290614320620974,
            "vertical_bias": -0.3706915883227273,
            "samples_count": 168
        }
    }
}