{
    "h_threshold": 0.03916437841319326,
    "v_threshold_up": 0.03615643062389182,
    "v_threshold_down": 0.030675811696762555,
    "vertical_bias": 0.10514354419641135,
    "use_alternative_method": true,
    "timestamp": 1743171628.192456,
    "use_sector_calibration": true,
    "sector_data": {
        "TopLeft": {
            "reference_iris_x": -0.04335338327440795,
            "reference_iris_y": -0.11108636328313104,
            "h_threshold": 0.012253782490476628,
            "v_threshold_up": 0.015312319984679829,
            "v_threshold_down": 0.013093318362283262,
            "vertical_bias": 0.05269572709098563,
            "samples_count": 6044
        },
        "TopCenter": {
            "reference_iris_x": -0.009383881182818379,
            "reference_iris_y": -0.13624566804740146,
            "h_threshold": 0.018691809669246707,
            "v_threshold_up": 0.028312419176716713,
            "v_threshold_down": 0.01211148699541046,
            "vertical_bias": 0.06162791374871553,
            "samples_count": 6012
        },
        "TopRight": {
            "reference_iris_x": 0.042873536433931374,
            "reference_iris_y": -0.1390598844240455,
            "h_threshold": 0.01775098875034793,
            "v_threshold_up": 0.027637788336989627,
            "v_threshold_down": 0.030675811696762555,
            "vertical_bias": 0.05643003224513323,
            "samples_count": 6010
        },
        "MiddleLeft": {
            "reference_iris_x": -0.03650672396415491,
            "reference_iris_y": -0.10594725749959147,
            "h_threshold": 0.010658828732124823,
            "v_threshold_up": 0.02368444159147444,
            "v_threshold_down": 0.030675811696762555,
            "vertical_bias": 0.0450579580463204,
            "samples_count": 6034
        },
        "Center": {
            "reference_iris_x": -0.006406301992091434,
            "reference_iris_y": -0.15950728257071925,
            "h_threshold": 0.015240089529779554,
            "v_threshold_up": 0.008503722906779587,
            "v_threshold_down": 0.042515238350198256,
            "vertical_bias": 0.07814349160180029,
            "samples_count": 5962
        },
        "MiddleRight": {
            "reference_iris_x": 0.03387760971720647,
            "reference_iris_y": -0.15421816291806342,
            "h_threshold": 0.010086773805136603,
            "v_threshold_up": 0.0426407420082034,
            "v_threshold_down": 0.02775338607640926,
            "vertical_bias": 0.08347623713470549,
            "samples_count": 6030
        },
        "BottomLeft": {
            "reference_iris_x": -0.03685046786386563,
            "reference_iris_y": -0.11803905722599714,
            "h_threshold": 0.0124445443299709,
            "v_threshold_up": 0.06334170496379836,
            "v_threshold_down": 0.002,
            "vertical_bias": 0.03270173445089682,
            "samples_count": 6054
        },
        "BottomCenter": {
            "reference_iris_x": -0.011197049647314975,
            "reference_iris_y": -0.1671259515387279,
            "h_threshold": 0.020359613825788003,
            "v_threshold_up": 0.043916995164604934,
            "v_threshold_down": 0.03560365064618859,
            "vertical_bias": 0.05909411151914614,
            "samples_count": 6008
        },
        "BottomRight": {
            "reference_iris_x": 0.041096878530347304,
            "reference_iris_y": -0.18469574494414373,
            "h_threshold": 0.016766044418089644,
            "v_threshold_up": 0.03615643062389182,
            "v_threshold_down": 0.043278868586404166,
            "vertical_bias": 0.0773928595043982,
            "samples_count": 6026
        }
    }
}