{
    "h_threshold": 0.026607357318117933,
    "v_threshold_up": 0.01947385259153931,
    "v_threshold_down": 0.032904101140210334,
    "vertical_bias": -0.9680813052930191,
    "use_alternative_method": true,
    "timestamp": 1743344551.9831061,
    "use_sector_calibration": true,
    "sector_data": {
        "TopLeft": {
            "reference_iris_x": -0.026063031499015538,
            "reference_iris_y": 1.2229185319469484,
            "h_threshold": 0.008493858558118409,
            "v_threshold_up": 0.01747654886058183,
            "v_threshold_down": 0.019200568966442778,
            "vertical_bias": -0.42655777918251503,
            "samples_count": 174
        },
        "TopCenter": {
            "reference_iris_x": -0.004188250026321951,
            "reference_iris_y": 1.233220400784312,
            "h_threshold": 0.016527348875946313,
            "v_threshold_up": 0.028786477596037717,
            "v_threshold_down": 0.0034280813470387804,
            "vertical_bias": -0.43775811107960666,
            "samples_count": 166
        },
        "TopRight": {
            "reference_iris_x": 0.047979743928419534,
            "reference_iris_y": 1.1896263773912081,
            "h_threshold": 0.024901640360802384,
            "v_threshold_up": 0.01947385259153931,
            "v_threshold_down": 0.0413435380953103,
            "vertical_bias": -0.4153742191146543,
            "samples_count": 182
        },
        "MiddleLeft": {
            "reference_iris_x": -0.02482380531173079,
            "reference_iris_y": 1.198541730900104,
            "h_threshold": 0.00845980075035608,
            "v_threshold_up": 0.01947385259153931,
            "v_threshold_down": 0.050278121892771165,
            "vertical_bias": -0.416363125680509,
            "samples_count": 170
        },
        "Center": {
            "reference_iris_x": -0.0071633639998316965,
            "reference_iris_y": 1.2558560636348701,
            "h_threshold": 0.008847971501938995,
            "v_threshold_up": 0.021766640260551084,
            "v_threshold_down": 0.009727462652464113,
            "vertical_bias": -0.4397578251987126,
            "samples_count": 180
        },
        "MiddleRight": {
            "reference_iris_x": 0.015938598971583756,
            "reference_iris_y": 1.249756484268429,
            "h_threshold": 0.0137491965926677,
            "v_threshold_up": 0.02341445617865223,
            "v_threshold_down": 0.005971886731275422,
            "vertical_bias": -0.4412244549275639,
            "samples_count": 170
        },
        "BottomLeft": {
            "reference_iris_x": -0.02398702461333476,
            "reference_iris_y": 1.3362354808043795,
            "h_threshold": 0.013396260558438884,
            "v_threshold_up": 0.06472966660033072,
            "v_threshold_down": 0.032904101140210334,
            "vertical_bias": -0.33625748998046345,
            "samples_count": 156
        },
        "BottomCenter": {
            "reference_iris_x": -0.009224393675193848,
            "reference_iris_y": 1.2714010034417935,
            "h_threshold": 0.01295593691054747,
            "v_threshold_up": 0.012697648350815747,
            "v_threshold_down": 0.036206715556993174,
            "vertical_bias": -0.32117135849838296,
            "samples_count": 174
        },
        "BottomRight": {
            "reference_iris_x": 0.029835354781378637,
            "reference_iris_y": 1.271496882161239,
            "h_threshold": 0.015518952117080079,
            "v_threshold_up": 0.005971886731275422,
            "v_threshold_down": 0.008454593789019782,
            "vertical_bias": -0.3176486110862914,
            "samples_count": 180
        }
    }
}