{
    "h_threshold": 0.02368804883574068,
    "v_threshold_up": 0.033888356242383316,
    "v_threshold_down": 0.021650179829899523,
    "vertical_bias": -1.0636739356344043,
    "use_alternative_method": true,
    "timestamp": 1743453763.8141289,
    "use_sector_calibration": true,
    "sector_data": {
        "TopLeft": {
            "reference_iris_x": -0.03623121365456381,
            "reference_iris_y": 1.2879213546216222,
            "h_threshold": 0.010154997064721437,
            "v_threshold_up": 0.033888356242383316,
            "v_threshold_down": 0.010207503709996967,
            "vertical_bias": -0.4599469087446201,
            "samples_count": 534
        },
        "TopCenter": {
            "reference_iris_x": -0.015075266422741707,
            "reference_iris_y": 1.3117449829520036,
            "h_threshold": 0.0158997187209384,
            "v_threshold_up": 0.00870319772978434,
            "v_threshold_down": 0.04210744490291618,
            "vertical_bias": -0.4653088873747088,
            "samples_count": 534
        },
        "TopRight": {
            "reference_iris_x": 0.02895108536805152,
            "reference_iris_y": 1.3165669962356428,
            "h_threshold": 0.016386901817074362,
            "v_threshold_up": 0.033888356242383316,
            "v_threshold_down": 0.018969296186990038,
            "vertical_bias": -0.4605171353200492,
            "samples_count": 534
        },
        "MiddleLeft": {
            "reference_iris_x": -0.029768264506633026,
            "reference_iris_y": 1.284470080662613,
            "h_threshold": 0.006726506806328061,
            "v_threshold_up": 0.007115399037865733,
            "v_threshold_down": 0.040076364214655054,
            "vertical_bias": -0.46649368444286116,
            "samples_count": 534
        },
        "Center": {
            "reference_iris_x": -0.005439964060648534,
            "reference_iris_y": 1.371381799847241,
            "h_threshold": 0.012646298096993046,
            "v_threshold_up": 0.03426050861130396,
            "v_threshold_down": 0.002,
            "vertical_bias": -0.4898715635680766,
            "samples_count": 532
        },
        "MiddleRight": {
            "reference_iris_x": 0.016644769066944308,
            "reference_iris_y": 1.335734335072389,
            "h_threshold": 0.008753051066812343,
            "v_threshold_up": 0.0297241602802778,
            "v_threshold_down": 0.01852574298158378,
            "vertical_bias": -0.4778562288168779,
            "samples_count": 524
        },
        "BottomLeft": {
            "reference_iris_x": -0.02973280583834326,
            "reference_iris_y": 1.3102834211530243,
            "h_threshold": 0.00756500672380469,
            "v_threshold_up": 0.033888356242383316,
            "v_threshold_down": 0.023913784483314958,
            "vertical_bias": -0.33195654375970873,
            "samples_count": 534
        },
        "BottomCenter": {
            "reference_iris_x": -0.012853191527272465,
            "reference_iris_y": 1.3681044628099615,
            "h_threshold": 0.018339205873792574,
            "v_threshold_up": 0.0174783852773579,
            "v_threshold_down": 0.021650179829899523,
            "vertical_bias": -0.35063146665346956,
            "samples_count": 536
        },
        "BottomRight": {
            "reference_iris_x": 0.028768883651530682,
            "reference_iris_y": 1.402633324918394,
            "h_threshold": 0.012331768013820724,
            "v_threshold_up": 0.01645376924682691,
            "v_threshold_down": 0.005879644178280729,
            "vertical_bias": -0.34818161491251925,
            "samples_count": 534
        }
    }
}