{
    "h_threshold": 0.045712427460612694,
    "v_threshold_up": 0.014243779430423877,
    "v_threshold_down": 0.128846615532467,
    "vertical_bias": -0.4527673090752078,
    "use_alternative_method": true,
    "timestamp": 1743174804.0384052,
    "use_sector_calibration": true,
    "sector_data": {
        "TopLeft": {
            "reference_iris_x": -0.057847724783643154,
            "reference_iris_y": 0.6144673301085423,
            "h_threshold": 0.01983337727170792,
            "v_threshold_up": 0.014243779430423877,
            "v_threshold_down": 0.016065828834405004,
            "vertical_bias": -0.21678668362643796,
            "samples_count": 176
        },
        "TopCenter": {
            "reference_iris_x": -0.0037660179270359987,
            "reference_iris_y": 0.6288397724233563,
            "h_threshold": 0.02901233265017564,
            "v_threshold_up": 0.005599762140157094,
            "v_threshold_down": 0.0022039319629810314,
            "vertical_bias": -0.2200532115415296,
            "samples_count": 174
        },
        "TopRight": {
            "reference_iris_x": 0.06612976902115293,
            "reference_iris_y": 0.6302882696881654,
            "h_threshold": 0.026563195314067204,
            "v_threshold_up": 0.003,
            "v_threshold_down": 0.033870667417076804,
            "vertical_bias": -0.2213388385199352,
            "samples_count": 176
        },
        "MiddleLeft": {
            "reference_iris_x": -0.05516692021496606,
            "reference_iris_y": 0.6623952359438013,
            "h_threshold": 0.011985095351122832,
            "v_threshold_up": 0.023439679963986458,
            "v_threshold_down": 0.03999245183551501,
            "vertical_bias": -0.23226362268481882,
            "samples_count": 176
        },
        "Center": {
            "reference_iris_x": -0.013711354517440582,
            "reference_iris_y": 0.6305521815342774,
            "h_threshold": 0.021017532773876132,
            "v_threshold_up": 0.014243779430423877,
            "v_threshold_down": 0.07230268198837819,
            "vertical_bias": -0.22039426845188215,
            "samples_count": 180
        },
        "MiddleRight": {
            "reference_iris_x": 0.04395268014427698,
            "reference_iris_y": 0.6879387195830512,
            "h_threshold": 0.018606909425861195,
            "v_threshold_up": 0.03468029890397941,
            "v_threshold_down": 0.04503792878688841,
            "vertical_bias": -0.24109672784656333,
            "samples_count": 176
        },
        "BottomLeft": {
            "reference_iris_x": -0.05494773939786297,
            "reference_iris_y": 0.7227079026143937,
            "h_threshold": 0.01326771570818973,
            "v_threshold_up": 0.03999245183551501,
            "v_threshold_down": 0.10073073494009754,
            "vertical_bias": -0.1825661092301447,
            "samples_count": 174
        },
        "BottomCenter": {
            "reference_iris_x": -0.02500482961902451,
            "reference_iris_y": 0.9013632759626967,
            "h_threshold": 0.022996357318014637,
            "v_threshold_up": 0.1141147260373974,
            "v_threshold_down": 0.128846615532467,
            "vertical_bias": -0.2245372487885187,
            "samples_count": 176
        },
        "BottomRight": {
            "reference_iris_x": 0.03942649747560994,
            "reference_iris_y": 0.7742071357151881,
            "h_threshold": 0.022201688276044344,
            "v_threshold_up": 0.04503792878688841,
            "v_threshold_down": 0.08054279199716212,
            "vertical_bias": -0.19097775212303447,
            "samples_count": 180
        }
    }
}