{
    "h_threshold": 0.030591941981740506,
    "v_threshold_up": 0.022088796111643348,
    "v_threshold_down": 0.03608780347187962,
    "vertical_bias": -0.9080317552657211,
    "use_alternative_method": true,
    "timestamp": 1743342303.241974,
    "use_sector_calibration": true,
    "sector_data": {
        "TopLeft": {
            "reference_iris_x": -0.02126098625927231,
            "reference_iris_y": 1.1124292490068706,
            "h_threshold": 0.03370913267703279,
            "v_threshold_up": 0.02429140763092308,
            "v_threshold_down": 0.03608780347187962,
            "vertical_bias": -0.42072291703543696,
            "samples_count": 512
        },
        "TopCenter": {
            "reference_iris_x": 0.021739154314806833,
            "reference_iris_y": 1.1785549799728203,
            "h_threshold": 0.0148999322400036,
            "v_threshold_up": 0.01836961047555441,
            "v_threshold_down": 0.014789001439418081,
            "vertical_bias": -0.41909627988452214,
            "samples_count": 494
        },
        "TopRight": {
            "reference_iris_x": 0.05338072861205787,
            "reference_iris_y": 1.1578330850971599,
            "h_threshold": 0.009682852206419333,
            "v_threshold_up": 0.022088796111643348,
            "v_threshold_down": 0.024781685550928835,
            "vertical_bias": -0.40838067377378207,
            "samples_count": 520
        },
        "MiddleLeft": {
            "reference_iris_x": -0.007621131015258231,
            "reference_iris_y": 1.111438889017273,
            "h_threshold": 0.02003145193055773,
            "v_threshold_up": 0.022088796111643348,
            "v_threshold_down": 0.0672100465015995,
            "vertical_bias": -0.3940095786169415,
            "samples_count": 524
        },
        "Center": {
            "reference_iris_x": 0.015662554630701542,
            "reference_iris_y": 1.1926992329310568,
            "h_threshold": 0.011938677096811819,
            "v_threshold_up": 0.03685002319896911,
            "v_threshold_down": 0.006794451357136078,
            "vertical_bias": -0.43472347774626174,
            "samples_count": 512
        },
        "MiddleRight": {
            "reference_iris_x": 0.056580294711130234,
            "reference_iris_y": 1.1825704490979045,
            "h_threshold": 0.010122650293869108,
            "v_threshold_up": 0.031193760626303257,
            "v_threshold_down": 0.04851631677899972,
            "vertical_bias": -0.4265770341391257,
            "samples_count": 500
        },
        "BottomLeft": {
            "reference_iris_x": -0.018010675963327238,
            "reference_iris_y": 1.2486094818349733,
            "h_threshold": 0.018222355792982155,
            "v_threshold_up": 0.04774573591912914,
            "v_threshold_down": 0.03608780347187962,
            "vertical_bias": -0.31728565889066074,
            "samples_count": 444
        },
        "BottomCenter": {
            "reference_iris_x": 0.007350902631352651,
            "reference_iris_y": 1.3008587239712999,
            "h_threshold": 0.023435366181098025,
            "v_threshold_up": 0.006794451357136078,
            "v_threshold_down": 0.035879200410198805,
            "vertical_bias": -0.3133477912175651,
            "samples_count": 482
        },
        "BottomRight": {
            "reference_iris_x": 0.05375194475206371,
            "reference_iris_y": 1.3003412087932738,
            "h_threshold": 0.024081246471472306,
            "v_threshold_up": 0.07268741003250997,
            "v_threshold_down": 0.03608780347187962,
            "vertical_bias": -0.3393092572196352,
            "samples_count": 488
        }
    }
}